Time (%),Total Time (ns),Instances,Avg (ns),Med (ns),Min (ns),Max (ns),StdDev (ns),Name
16.0,293033890,1470,199342.8,181409.0,56544,2854508,385582.0,void cutlass::Kernel2<cutlass_80_tensorop_s1688gemm_64x64_16x6_tn_align4>(T1::Params)
11.8,216313533,1440,150217.7,172913.0,58592,203425,54883.3,void cutlass::Kernel2<cutlass_80_tensorop_s1688gemm_64x64_16x6_nt_align4>(T1::Params)
9.2,169178952,360,469941.5,469890.0,464354,477698,2280.9,"fmha_cutlassB_f32_aligned_64x64_k64_sm80(PyTorchMemEffAttention::AttentionBackwardKernel<cutlass::arch::Sm80, float, (bool)1, (bool)0, (bool)0, (int)64, (int)64, (int)64, (bool)0>::Params)"
7.7,140613990,1080,130198.1,144993.0,55424,191841,55414.6,void cutlass::Kernel2<cutlass_80_tensorop_s1688gemm_64x64_16x6_nn_align4>(T1::Params)
5.6,101961143,6060,16825.3,4352.0,1216,470882,61922.6,"void at::native::vectorized_elementwise_kernel<(int)4, at::native::AUnaryFunctor<float, float, float, at::native::binary_internal::MulFunctor<float>>, std::array<char *, (unsigned long)2>>(int, T2, T3)"
4.7,87076258,30,2902541.9,2902717.0,2892845,2912525,8030.0,void cutlass::Kernel2<cutlass_80_tensorop_s1688gemm_128x128_16x5_nn_align4>(T1::Params)
4.7,86939262,3030,28692.8,7872.0,1312,716772,97836.2,"void at::native::vectorized_elementwise_kernel<(int)4, at::native::<unnamed>::lerp_scalar_kernel(at::TensorIteratorBase &, const c10::Scalar &)::[lambda() (instance 2)]::operator ()() const::[lambda() (instance 2)]::operator ()() const::[lambda(float, float) (instance 1)], std::array<char *, (unsigned long)3>>(int, T2, T3)"
4.6,84002415,30,2800080.5,2799036.5,2791404,2809645,7140.4,void cutlass::Kernel2<cutlass_80_tensorop_s1688gemm_256x128_16x3_nt_align4>(T1::Params)
4.2,76309897,360,211971.9,211969.0,210721,213057,598.9,void cutlass::Kernel2<cutlass_80_tensorop_s1688gemm_128x128_16x4_nn_align4>(T1::Params)
4.1,74847276,420,178207.8,1888.0,1824,1272197,432472.8,"void at::native::elementwise_kernel<(int)128, (int)2, void at::native::gpu_kernel_impl_nocast<at::native::direct_copy_kernel_cuda(at::TensorIteratorBase &)::[lambda() (instance 3)]::operator ()() const::[lambda() (instance 7)]::operator ()() const::[lambda(float) (instance 1)]>(at::TensorIteratorBase &, const T1 &)::[lambda(int) (instance 1)]>(int, T3)"
3.7,68553935,3030,22625.1,2976.0,1440,939589,128318.5,"void at::native::vectorized_elementwise_kernel<(int)4, at::native::addcdiv_cuda_kernel(at::TensorIteratorBase &, const c10::Scalar &)::[lambda() (instance 2)]::operator ()() const::[lambda() (instance 7)]::operator ()() const::[lambda(float, float, float) (instance 1)], std::array<char *, (unsigned long)4>>(int, T2, T3)"
3.5,64140759,30,2138025.3,2132441.5,2110922,2175818,20760.0,"void at::native::<unnamed>::cunn_SoftMaxBackward<(int)4, float, float, float, at::native::<unnamed>::LogSoftMaxBackwardEpilogue>(T2 *, const T4 *, const T4 *, long)"
3.5,63505501,360,176404.2,176865.0,162657,186881,4975.6,"fmha_cutlassF_f32_aligned_64x64_rf_sm80(PyTorchMemEffAttention::AttentionKernel<float, cutlass::arch::Sm80, (bool)1, (int)64, (int)64, (int)64, (bool)1, (bool)1>::Params)"
2.9,53439657,3030,17636.9,2112.0,1152,716323,98049.7,"void at::native::vectorized_elementwise_kernel<(int)4, at::native::addcmul_cuda_kernel(at::TensorIteratorBase &, const c10::Scalar &)::[lambda() (instance 2)]::operator ()() const::[lambda() (instance 7)]::operator ()() const::[lambda(float, float, float) (instance 1)], std::array<char *, (unsigned long)4>>(int, T2, T3)"
2.1,38986030,352,110755.8,1776.0,928,547651,199450.5,"void at::native::vectorized_elementwise_kernel<(int)4, at::native::FillFunctor<float>, std::array<char *, (unsigned long)1>>(int, T2, T3)"
2.0,37106626,30,1236887.5,1236853.0,1229766,1243846,3632.2,"void at::native::<unnamed>::cunn_SoftMaxForward<(int)4, float, float, float, at::native::<unnamed>::LogSoftMaxForwardEpilogue>(T4 *, const T2 *, int)"
2.0,36837224,3030,12157.5,1760.0,1312,482338,65559.4,"void at::native::vectorized_elementwise_kernel<(int)4, at::native::sqrt_kernel_cuda(at::TensorIteratorBase &)::[lambda() (instance 2)]::operator ()() const::[lambda() (instance 2)]::operator ()() const::[lambda(float) (instance 1)], std::array<char *, (unsigned long)2>>(int, T2, T3)"
2.0,36273888,3030,11971.6,1696.0,1088,476706,65214.1,"void at::native::vectorized_elementwise_kernel<(int)4, at::native::BUnaryFunctor<float, float, float, at::native::binary_internal::MulFunctor<float>>, std::array<char *, (unsigned long)2>>(int, T2, T3)"
1.9,35772894,3030,11806.2,1696.0,1088,469058,64120.4,"void at::native::vectorized_elementwise_kernel<(int)4, at::native::CUDAFunctorOnSelf_add<float>, std::array<char *, (unsigned long)2>>(int, T2, T3)"
1.0,18647154,360,51797.7,52000.0,46464,56608,1993.5,"void at::native::vectorized_elementwise_kernel<(int)4, at::native::GeluBackwardCUDAKernelImpl(at::TensorIteratorBase &, at::native::GeluType)::[lambda() (instance 2)]::operator ()() const::[lambda() (instance 2)]::operator ()() const::[lambda(float, float) (instance 1)], std::array<char *, (unsigned long)3>>(int, T2, T3)"
0.6,10309133,1440,7159.1,5728.0,5120,12288,2389.2,"void at::native::vectorized_elementwise_kernel<(int)4, at::native::CUDAFunctor_add<float>, std::array<char *, (unsigned long)3>>(int, T2, T3)"
0.5,9664969,750,12886.6,12960.0,10976,14048,569.3,"void at::native::<unnamed>::layer_norm_grad_input_kernel_vectorized<float, float, (bool)0>(const T1 *, const T1 *, const T2 *, const T2 *, const T1 *, T1 *, int)"
0.4,7129662,750,9506.2,9440.0,9184,10176,184.3,"void at::native::<unnamed>::GammaBetaBackwardCUDAKernelTemplate<float, float, (unsigned int)32, (unsigned int)32, (unsigned int)256, (bool)0, (bool)1, (bool)0>(long, long, const T1 *, const T1 *, const T2 *, const T2 *, T1 *, T1 *)"
0.3,6422137,750,8562.8,8544.0,8224,9248,158.5,"void at::native::<unnamed>::vectorized_layer_norm_kernel<float, float, (bool)0>(int, T2, const T1 *, const T1 *, const T1 *, T2 *, T2 *, T1 *)"
0.2,4412048,360,12255.7,12160.0,11840,13408,290.5,"void at::native::vectorized_elementwise_kernel<(int)4, at::native::GeluCUDAKernelImpl(at::TensorIteratorBase &, at::native::GeluType)::[lambda() (instance 2)]::operator ()() const::[lambda() (instance 2)]::operator ()() const::[lambda(float) (instance 1)], std::array<char *, (unsigned long)2>>(int, T2, T3)"
0.2,3707416,360,10298.4,10304.0,10016,10592,103.1,"void at::native::<unnamed>::CatArrayBatchedCopy_vectorized<at::native::<unnamed>::OpaqueType<(unsigned int)4>, unsigned int, (int)3, (int)128, (int)1, (int)16, (int)4>(char *, at::native::<unnamed>::CatArrInputTensorMetadata<T1, T2, T4, T5>, at::native::<unnamed>::TensorSizeStride<T2, (unsigned int)4>, int, T2)"
0.2,3164874,360,8791.3,8736.0,8448,9408,182.6,"void at::native::reduce_kernel<(int)512, (int)1, at::native::ReduceOp<float, at::native::func_wrapper_t<float, at::native::sum_functor<float, float, float>::operator ()(at::TensorIterator &)::[lambda(float, float) (instance 1)]>, unsigned int, float, (int)4, (int)4>>(T3)"
0.2,2964490,60,49408.2,48128.0,15232,84897,33992.9,"void at::native::<unnamed>::embedding_backward_feature_kernel<float, float, long>(const T3 *, const T1 *, T1 *, int, long, int)"
0.1,1896164,360,5267.1,5248.0,5120,5568,66.7,"void at::native::vectorized_elementwise_kernel<(int)4, at::native::BinaryFunctor<float, float, float, at::native::binary_internal::MulFunctor<float>>, std::array<char *, (unsigned long)3>>(int, T2, T3)"
0.1,1080611,360,3001.7,3008.0,2912,3104,37.2,"void at::native::vectorized_elementwise_kernel<(int)4, at::native::FillFunctor<unsigned char>, std::array<char *, (unsigned long)1>>(int, T2, T3)"
0.0,648516,60,10808.6,8560.0,3872,17056,5077.3,"void at::native::vectorized_gather_kernel<(int)16, long>(char *, char *, T2 *, int, long, long, long, long, bool)"
0.0,391745,30,13058.2,13024.0,12640,13664,256.7,"void at::native::<unnamed>::nll_loss_forward_reduce_cuda_kernel_2d<float, float, long>(T1 *, T1 *, const T1 *, const T3 *, const T1 *, bool, long, long, long, long)"
0.0,260834,30,8694.5,8624.0,7936,10944,703.9,"void at::native::<unnamed>::nll_loss_backward_reduce_cuda_kernel_2d<float, long>(T1 *, const T1 *, const T2 *, const T1 *, const T1 *, bool, int, int, long, long)"
0.0,241859,30,8062.0,8064.0,6208,8864,404.0,"void at::native::reduce_kernel<(int)128, (int)4, at::native::ReduceOp<float, at::native::func_wrapper_t<float, at::native::sum_functor<float, float, float>::operator ()(at::TensorIterator &)::[lambda(float, float) (instance 1)]>, unsigned int, float, (int)4, (int)4>>(T3)"
0.0,202881,30,6762.7,6800.0,6048,7713,408.1,"void at::native::elementwise_kernel<(int)128, (int)2, void at::native::gpu_kernel_impl_nocast<at::native::CUDAFunctor_add<float>>(at::TensorIteratorBase &, const T1 &)::[lambda(int) (instance 1)]>(int, T3)"
0.0,91680,30,3056.0,3040.0,2464,4640,481.6,"void at::native::elementwise_kernel<(int)128, (int)2, void at::native::gpu_kernel_impl_nocast<at::native::direct_copy_kernel_cuda(at::TensorIteratorBase &)::[lambda() (instance 3)]::operator ()() const::[lambda() (instance 4)]::operator ()() const::[lambda(long) (instance 1)]>(at::TensorIteratorBase &, const T1 &)::[lambda(int) (instance 1)]>(int, T3)"
0.0,36928,31,1191.2,1184.0,992,1248,41.9,"void <unnamed>::elementwise_kernel_with_index<int, at::native::arange_cuda_out(const c10::Scalar &, const c10::Scalar &, const c10::Scalar &, at::Tensor &)::[lambda() (instance 1)]::operator ()() const::[lambda() (instance 4)]::operator ()() const::[lambda(long) (instance 1)]>(T1, T2, function_traits<T2>::result_type *)"
0.0,2656,1,2656.0,2656.0,2656,2656,0.0,"void at::native::triu_tril_kernel<bool, int, (bool)1, (int)8, (bool)0>(at::cuda::detail::TensorInfo<T1, T2>, at::cuda::detail::TensorInfo<const T1, T2>, long, long, T2)"
0.0,1632,1,1632.0,1632.0,1632,1632,0.0,"void at::native::vectorized_elementwise_kernel<(int)4, at::native::FillFunctor<bool>, std::array<char *, (unsigned long)1>>(int, T2, T3)"
